tech,georgia,big,high,virginia,tech,id,deep,virginia,tech,texas,tech,tennessee,technology,alt,tech,tech,microsoft,techcrunch,tetra,texas,2024,florida,list,tech,educational,tech,tech,manycore,techradar,unionization,desert,atlantic,big,tech,renault,neo,sir,id,sovereign,west,va,google,tech,microsoft,king,southern,linus,oregon,technology,civic,louisiana,tech,xiaomi,usi,yahoo,afro,seung,id,low,legal,carnegie,science,cornell,broligarchy,bachelor,p,tech,joy,gr8,tech,astra,vocational,id,def,sean,nail,guitar,glitch,technical,georgia,beamng,donn,tech,vintage,lincoln,id,tech,agricultural,list,weathertech,yandex,california,indian,history,lawrence,tech,week,tech,tech,stevens,broadcom,high,instagram,list,ghettotech,techtv,fintech,ad,huagong,2004,study,2019,tech,manyata,temple,georgia,vel,tech,real,dot,mike,tech,utah,startup,mys,veho,battletech,technical,bob,texas,marques,illinois,fingerboard,peter,sichuan,ontario,desert,tencent,colorado,chris,cape,tech,benjamin,tribal,carbon,tech,tech,renault,spotify,nvidia,big,tcab,tech,crea,ogden,creature,tech,cass,jt,technical,french,trans,business,htc,renaissance,itt,buzz,ars,list,brooklyn,ncaa,tech,arles,scitech,louisiana,njit,microchip,aspen,baku,renault,techstep,sap,tech,tech,york,michigan,clean,triangle,uss,renault,desert,forsyth,alpharetta,koforidua,bit,mac,rhythm,tech,facebook
look,tech,tech,tech,tech,n9ne,tech,tech,tech,jacket,tech,tech,tech,company,tech,mahindra,noir,ignite,techcrunch,tech,tech,25,institute,tech,newspaper,technology,interactive,house,tech,techradar,tech,tech,coast,tech,data,5,tech,tech,tech,tech,virginia,tech,microsoft,awards,think,tech,arkansas,media,institute,demonstration,technology,tech,industrial,july,tech,tech,tech,hui,tech,technology,technology,mellon,technology,tech,leadership,technology,tech,camp,tech,tech,romancer,tech,technical,tech,tech,pedulla,tech,tech,techs,support,tech,drive,believed,advisor,tech,tech,tech,apartheid,technology,texas,weathertech,lunden,institute,institutes,facebook,technological,river,tech,workers,21,institute,massive,tech,letting,unicorn,article,techtv,dates,tech,tech,ncaa,technology,ncaa,herfrica,embassy,university,tech,tech,smash,genius,com,white,asia,tech,company,tech,tech,battletech,rehearsal,lee,tech,brownlee,institute,skateboard,thiel,located,tech,tech,stakes,technical,beard,peninsula,n9ne,franklin,tech,tech,town,nyc,4,original,tech,12,tech,mascot,tech,weber,tech,tower,technical,toppin,support,tech,tech,insider,宏達國際電子股份有限公司,technologies,technical,williams,technica,texas,technical,division,valley,sur,scitech,tech,highlanders,technology,technology,tech,scenic,instrumental,necessary,trance,triumph,technical,technological,technology,tech,tech,v6,tech,technical,georgia,senior,tech,mcclung,tech,shame,financial
tech,georgia,big,high,virginia,yates,id,deep,shooting,tech,university,generic,tennessee,technology,alt,tech,tech,first,american,tetra,red,texas,technology,companies,tech,abbreviation,tech,tech,manycore,online,sector,mdr,conference,india,tech,e,neo,sir,7,agency,university,disambiguation,google,tech,working,professionally,university,group,technology,technology,civic,university,complex,7,usi,yahoo,afro,cho,3,technology,legal,university,israel,cornell,roles,bachelor,p,tech,joy,gr8,tech,astra,school,6,def,southeastern,quot,guitar,glitch,scam,yellow,simulate,god,tech,vintage,lincoln,4,tech,agricultural,tech,american,ingrid,technology,technology,financial,university,tech,week,coalition,tech,technology,61b,architecture,users,startup,stylus,american,back,ad,huagong,division,study,division,tech,business,spaces,virginia,rangarajan,quot,starring,bubble,basketball,tech,university,advocates,mys,february,wargaming,broken,businessman,red,cosponsored,technology,guard,mcbride,inside,university,desert,600,university,mississippi,university,discography,cummings,tribal,carbon,tech,tech,e,2,giant,conference,tcab,tech,crea,technical,creature,commonly,high,born,technical,french,trans,established,pinyin,renaissance,institute,texas,articles,tech,high,women,tech,tech,scitech,bulldogs,njit,related,known,bakugan,e,shaping,rather,tech,quot,college,university,used,triangle,uss,hybrid,wlvrn,community,operates,high,bit,league,rhythm,tech,growth
tech,institute,tech,technology,tech,born,tech,technology,virginia,jacket,texas,top,technological,company,tech,mahindra,noir,conference,global,tech,raiders,tech,florida,new,first,quot,interactive,house,tech,technology,tech,dynamic,state,big,data,tech,tech,tech,id,free,institute,tech,039,awards,hard,king,tech,channels,oregon,demonstration,technology,louisiana,expression,quot,tech,tech,tech,virginia,id,low,technology,carnegie,presence,tech,tech,technology,tech,camp,tech,tech,romancer,tech,vocational,id,tech,conference,nail,technician,techs,technical,jackets,realistic,dead,advisor,tech,tech,id,apartheid,technology,red,manufacturer,june,group,tech,growth,lawrence,french,tech,tech,21,institute,deal,high,add,companies,magazine,cable,1967,tech,tech,men,technology,men,herfrica,park,walkways,tech,dr,tech,val,cautious,head,asia,utah,also,tech,15,military,four,cash,raiders,youtube,illinois,movie,sarah,west,university,tech,companies,colorado,ole,technology,discography,institute,tech,tech,town,nyc,tech,october,new,former,technology,name,tech,college,tech,known,school,june,support,tech,tech,2013,hóngdá,technologies,itt,amp,guides,red,school,basketball,valley,arles,sci,lady,highlanders,software,aspentech,baku,tech,sound,abandoning,trance,tech,york,michigan,fairly,tech,tech,formula,desert,college,tech,technical,tech,played,tech,shame,2012
tech,technology,also,high,vt,november,series,deep,tech,american,tech,level,university,tech,collection,indian,also,known,online,inc,basketball,red,institute,york,published,edtech,formerly,subgenre,inc,publication,union,rifle,georgia,tech,corporation,renault,neo,software,tech,software,technology,informally,parent,expanded,enough,tech,southern,podcasts,institute,tech,civic,tech,tech,techcrunch,limited,technology,also,tech,tech,tech,also,mellon,foreign,graduate,companies,b,may,summer,webcomic,pronounced,1998,uae,technical,tech,japanese,sec,tech,guitar,american,support,football,handling,donn,previously,compilation,american,tech,nota,agrotechnology,raiders,automobile,22,students,programme,2012,technological,tɛk,casually,workers,new,technology,quot,tech,specific,street,quot,television,appearing,international,hgtech,basketball,also,basketball,non,13,landscaping,football,sagunthala,quot,kilmer,positions,coach,singapore,tech,trying,fictional,2022,science,types,app,texas,brownlee,institute,set,somerville,region,ontario,american,began,tech,miss,promulgated,tech,technology,progressive,group,may,founded,renault,2024,york,southwest,co,fawn,japanese,ogden,graphic,tech,cass,14,commonly,accreditation,bus,july,guójì,llc,technical,university,words,raiders,brooklyn,tournament,began,sur,tech,techsters,formerly,february,provider,tech,renault,techstep,project,subgenre,triumph,technical,technological,widely,profit,may,one,tech,forsyth,alpharetta,school,online,college,manufacturer,refers,facebook
wiktionary,commonly,known,tech,officially,8,successive,tech,shooting,comic,university,domain,commonly,company,social,multinational,known,teched,newspaper,american,texas,raiders,technology,metropolitan,november,quot,tech,house,manycore,owned,trade,family,tech,india,american,5,tech,inc,7,portal,west,used,company,2016,allen,american,arkansas,notably,technology,demo,tech,university,industrial,archived,also,news,afro,shooting,3,adjective,known,carnegie,high,campus,tech,tech,refer,camp,created,quot,3d,based,school,6,pop,previously,quot,tech,animated,scam,georgia,damage,said,known,album,group,4,international,abbreviated,basketball,accessories,2012,california,ordinance,facebook,university,catalan,referred,coalition,york,may,techcrunch,architecture,visual,journal,ghettotech,channel,article,series,chinese,tournament,called,tournament,governmental,0502491,january,rivalry,r,thirteenth,gabriel,popular,florida,jakarta,university,build,organisation,quot,fiction,dry,square,tech,asked,technology,2002,heather,chengdu,institute,munitions,focusing,039,also,allowed,n9ne,benjamin,fusion,existing,refer,2016,4,retrieved,w,conference,ltd,white,有限会社クレアテック,weber,novel,tower,technical,2005,shortened,awarded,division,2015,diànzǐ,also,institute,previously,quot,head,technical,top,marketing,tech,may,louisiana,new,20,software,bakugan,scenic,case,decided,within,quot,college,university,although,system,refer,power,wlvrn,technical,innovation,koforidua,magazine,basketball,percussion,shame,went
free,referred,tech,high,virginia,1971,game,hard,spree,book,texas,gtld,referred,company,networking,information,cyber,happened,focusing,consulting,tech,basketball,florida,area,16,often,museum,music,chinese,future,union,autoloading,louisville,also,multinational,e,may,video,multiplatform,germany,virginia,unofficial,alphabet,tech,later,dj,university,linus,oregon,also,idea,louisiana,complex,original,known,web,tech,2007,popularly,forms,legal,tech,tech,research,enabled,b,p,focuses,nitrozac,great,fighting,technology,often,multiplatform,band,played,song,member,television,tech,tech,vehicles,dwell,pc,released,profit,popularly,campaign,agtech,seasons,headquartered,quot,tech,3,went,lawrence,tec,twit,labor,based,6,26,also,features,fortune,quot,focus,boston,digital,华工科技,appearance,study,april,social,77,2006,143miles,institute,episode,jarret,internet,gators,based,ut,community,appearing,logistics,franchise,tech,cash,red,candidates,commonly,tech,25,hi,technology,manufacturer,tech,students,previously,technikons,spans,franklin,band,emerging,tech,new,e,24,w,baylor,also,lineage,japanese,technical,written,historic,high,american,tech,french,transportation,business,gǔfèn,known,itt,served,best,basketball,high,teams,name,french,refer,tech,jersey,2009,services,japanese,e,quot,leave,electronic,fight,york,michigan,variant,technical,one,unit,pronounced,community,center,secondary,computer,georgetown,instruments,employees,public
dictionary,georgia,giants,tech,polytechnic,better,engines,tech,shooting,created,tech,domain,tennessee,focuses,services,technology,noir,1993,topics,engineering,red,team,tech,relevant,1881,refers,innovation,combines,群核科技,plc,tech,bullpup,miami,known,distribution,tech,refer,game,proprietary,portal,university,name,inc,global,invested,b,tech,tech,tech,known,using,tech,describes,2,united,site,afrotech,cho,known,low,tech,played,firms,center,businesses,btech,tech,technology,snaggy,tech,arcade,investment,called,game,signed,virginia,american,music,series,support,yellow,initially,tech,advisor,rapper,postsecondary,known,works,agritech,texas,bolingbrook,tech,caltech,quot,public,tech,ˈtɛk,briefly,rights,manufacturer,2014,may,known,onto,magazine,article,technology,globe,advertising,pinyin,since,tech,8,impact,6234169,university,virginia,science,american,film,forums,2015,technology,formerly,tech,american,tech,launched,rehearsals,left,raiders,video,referred,deck,may,tech,branded,company,start,fully,served,offer,29,cummings,originally,technologies,town,york,tech,june,norton,texas,known,english,video,college,penciled,building,school,college,support,cities,collaborative,insider,yǒuxiàn,rentech,tech,head,multi,coaches,school,including,eastern,pronunciation,scitech,bulldogs,tech,microchip,process,爆tech,tech,tech,ibm,dance,song,tech,tech,spellings,schools,united,renault,quot,college,technology,technical,hardware,hoyas,particularly,feel,one
tech,tech,tech,also,institute,known,designed,classification,occurred,writer,tech,name,tech,primarily,internet,services,future,orlando,regarding,services,raiders,2024,fit,moniker,student,industry,commonly,stylistic,pinyin,editorial,workers,rifles,north,indian,company,b,neo,developer,game,sovereign,institute,virginia,one,good,low,boy,sau,tips,public,demonstrator,technology,la,relationship,july,software,operated,sub,killed,quake,technology,refers,classified,sophisticated,cornell,perceived,latin,professional,education,whose,quot,game,development,vo,engine,2vox,tech,rapper,ensemble,created,scam,jackets,released,duinn,consumer,tech,vocational,doom,end,agritech,tech,illinois,meets,039,ordinances,one,ltu,river,known,group,guitar,retrieved,2022,structural,faces,cnnmoney,global,launched,titled,technology,huágōng,1995,teaching,u,organization,manyata,opened,tech,technology,television,set,focused,2022,news,known,startups,comic,startup,fasa,tech,square,lady,whether,illinois,skateboarding,2016,zone,ontario,primarily,ups,online,head,bachelor,years,institute,formed,rapidly,detroit,city,battery,2024,amp,texas,tcab,bulldogs,game,also,doug,focal,simply,basketball,customer,recognized,inc,began,gōngsī,rentec,private,coach,os,texas,commonly,defending,part,aʁl,profit,lady,highlanders,acquired,industries,爆丸,battery,quot,tech,music,virginia,public,mtu,include,multiple,states,e,wolverine,forsyth,startup,school,enthusiasts,texas,known,experiencing,largest
tech,gt,titans,known,state,stage,developed,organization,monday,robert,ttu,system,public,manufacturing,service,consulting,noir,florida,high,firm,basketball,25,private,city,newspaper,companies,known,features,qúnhé,teams,typically,designed,carolina,giants,specializing,segment,tech,publisher,engine,tech,technology,tech,five,program,tech,vj,tech,ltt,college,model,enhance,tech,country,2015,intelligence,yahoo,genre,32,iii,low,use,ncaa,research,university,public,baccalaureus,technologist,sometimes,real,technology,capcom,group,tech,developed,ltd,hokies,jack,039,eric,type,football,tech,quot,tech,n9ne,institutions,3,project,agrotech,red,weathertech,geo,campus,iit,largest,private,southern,revenge,seeking,bass,may,retrieved,expressionism,later,cb,darkness,zdtv,quot,conferences,kējì,georgia,method,bank,focuses,embassy,tech,georgia,vel,series,campus,high,louisiana,website,dixie,new,books,veho,corporation,rehearsals,2014,raiders,tech,tech,game,quot,established,tech,produces,asia,according,coach,039,earliest,technology,1984,transforming,techtown,based,electric,tech,company,amp,tech,serves,developer,referred,tennapel,point,referred,player,service,startup,american,technology,high,american,profit,virginia,pc,tech,called,aiaw,u,syʁ,science,techsters,varsity,australia,headquartered,manga,electric,refer,start,draws,tech,community,simply,clean,locations,navy,tech,quot,tech,incubator,also,gamers,tech,production,challenges,ipos
may,simply,grouping,advanced,university,name,id,typically,april,kirkman,public,dns,research,support,providers,company,neo,united,tech,based,team,texas,research,039,massachusetts,create,tech,techno,kējì,united,employed,desert,nc,largest,products,battery,publishing,based,developed,agency,wvu,virginia,big,tech,sectors,audio,technical,production,oregon,prototype,relationship,simply,039,shu,stylised,site,house,people,arena,tech,technology,division,centres,roosevelt,tech,technologiae,canadian,referred,names,company,draws,operating,school,id,independent,pedulla,harlow,road,robles,scam,program,demo,house,website,brings,headquartered,engine,nimbus,use,raiders,founded,tech,newspaper,madras,ipos,university,france,screen,organize,effect,24,26,type,may,insights,quot,may,fin,exhibitions,partially,tech,codified,stadium,digital,business,center,tech,tech,smash,pacific,tech,tech,covering,state,york,published,valued,1984,pick,investing,athletic,companies,iit,boy,tech,1988,university,bullpup,2017,colorado,texas,degrees,official,franklin,guitarist,oil,urban,non,vehicle,workers,p,texas,company,live,based,otech,published,central,cass,texas,provided,ecosystem,manufacturer,website,tech,hedge,technical,tech,hardware,red,brooklyn,champion,state,tɛk,technology,commonly,sport,based,bedford,series,compact,smoother,another,upon,composed,college,tech,tech,pennsylvania,ship,r,successor,public,early,called,case,red,crescent,inability,tech
refer,tech,largest,technology,vpi,tech,software,startup,16,artist,research,used,university,research,popular,formed,noir,states,startup,pasadena,represents,tech,university,tech,institute,educational,science,house,chinese,states,high,tech,state,companies,services,electric,company,united,id,subsidiary,tech,polytechnic,tech,interactive,sports,engineer,institute,agency,residential,rough,people,tech,tech,catherine,usi,first,music,wounded,engine,lo,software,teams,israel,island,bros,bachelor,malaysian,computer,liza,based,heavily,mena,high,software,label,attended,released,crew,dan,scammer,represents,3,donn,digital,together,parsippany,game,contract,technology,college,1989,russia,arrived,archived,tech,southfield,close,savers,tech,pedals,2015,may,late,techcrunch,techcrunch,ghetto,11,tech,interactive,state,making,l,minneapolis,financial,park,75,georgia,rangarajan,episode,tech,stocks,bulldogs,topics,university,city,marvel,1,acquired,tech,several,teams,government,private,color,billionaire,chengdu,ontario,rifles,techcrunch,tech,texas,b,release,cummings,scott,gas,research,profit,manufactured,coalition,38,tech,based,mascot,koto,ogden,top,campus,tech,tech,customers,also,conventional,tech,computer,fund,institute,2014,tech,raiders,tech,louisiana,new,literally,organization,abbreviated,members,hi,massachusetts,written,crossover,style,company,techno,1919,rock,public,clean,offers,uss,e,company,community,2020,sec,modders,raiders,shaped,utilize,history
abbreviation,institute,companies,advanced,public,n9ne,prior,company,2007,e,university,internet,cookeville,development,among,1986,science,teched,companies,california,texas,red,melbourne,environment,technology,technology,technology,term,software,united,tech,formerly,notre,indian,headquartered,car,known,states,software,german,wvit,institute,companies,previously,teams,one,calhoun,distributor,campus,example,government,public,industry,28,tech,new,afro,17,game,tech,provide,1936,home,manhattan,also,039,professional,camp,schmalcel,limassol,various,region,school,successor,jesse,edmond,february,maintains,milano,claims,georgia,august,quot,magazine,mixture,new,engine,google,agriculture,basketball,current,039,distributed,original,history,michigan,french,weekly,industry,amps,quot,2022,modernist,reported,pitchbook,tech,1998,new,marketing,owned,first,ron,minnesota,inclusion,also,000,tech,dr,aired,science,silicon,2011,startups,dsu,organizations,comics,5,wizkids,rehearsals,tech,represent,find,research,game,thiel,hi,tech,financed,characterized,university,tech,tech,single,tech,henderson,low,technology,organization,renault,techworkersber,isbn,form,shanghai,louisiana,tokyo,weber,shelf,georgia,four,red,resolve,name,environmentally,insider,corporation,based,headquarters,2019,coverage,basketball,administratively,tech,york,arles,western,la,division,tech,aspentech,illustrated,suv,detroit,june,trance,wilfred,hill,research,tech,16,tech,series,039,college,ten,tech,based,consensus,tambourine,technology,acquisitions
technology,public,world,tech,land,pronounced,presentation,expressed,comprising,j,lubbock,name,tennessee,commonly,alt,joint,fiction,conference,founded,company,tech,raiders,florida,expanded,cambridge,edtech,center,tech,company,kingdom,information,desert,dame,information,clearwater,produced,integrated,canada,part,federal,wvu,state,google,tech,commercial,half,county,linus,klamath,otherwise,software,research,influence,august,dubai,product,house,others,engine,simple,legal,carnegie,major,new,known,academic,title,camps,bruce,cyprus,subgenres,astra,united,id,vocalist,memorial,18,sets,netflix,offer,institute,2013,quot,published,unreleased,jersey,developed,amazon,horticulture,team,ceo,search,fake,22,acquisitions,founded,spanish,flagship,group,di,nj,quot,architecture,tests,morningstar,quot,computer,source,profession,publicly,appearance,hubbard,texas,women,called,sq,virginia,sagunthala,april,engineering,investor,2015,innovation,polytechnic,like,depicted,billion,2001,paper,startups,texas,middle,university,released,helps,tech,public,owned,tencent,conferred,little,master,release,private,bass,emissions,business,represents,production,21,978,conference,china,tech,japan,tech,productions,institute,year,raiders,issues,used,friendly,staff,abbreviated,east,carmel,marquette,possible,program,designated,decided,encompassing,tech,australia,tech,ncaa,software,35,shingo,produced,techno,1972,genres,pete,south,university,recent,month,jr,previously,mdrx,winston,companies,ksts,uk,three,featured,workplace,played
technician,research,concept,exotechnology,grant,quot,id,objective,two,su,texas,truncated,formerly,computing,right,venture,science,held,june,provides,university,basketball,university,dramatically,massachusetts,inc,offers,house,focuses,australia,communications,tactical,pittsburgh,technology,florida,french,management,fall,id,agency,beckley,university,founded,museum,real,duo,arkansas,tech,falls,incomplete,communications,university,concentration,2013,based,santa,originates,two,developed,technology,services,tech,companies,york,tech,degree,p,often,evans,gr8,mecha,tech,states,tech,rize,high,2022,musical,series,legitimate,technology,along,house,foundry,material,campus,id,israel,,competes,,giant,copies,june,played,1932,border,podcast,founded,boxes,tech,broadcom,emerged,location,tech,ethan,magazine,seed,ad,listed,since,founder,tech,girls,manyata,ft,tech,r,30,university,yahoo,white,asia,four,ny,shadowy,tiger,turn,tech,including,tech,ground,chicago,2001,hulk,industrial,research,members,039,118,rock,039,quot,college,player,energy,park,new,set,april,1324086710,play,develops,university,founded,owtc,elements,technology,public,big,commonly,technologically,electric,40,trading,setauket,indiana,2008,fun,competes,high,participate,capital,occitan,sci,dogs,affiliated,january,offices,japan,french,raver,founded,name,maddux,carolina,houghton,years,programs,sp,known,bullpup,salem,quot,secondary,founded,star,,shame,significant
tech,university,big,failed,research,tech,tech,providing,attacks,first,united,technology,known,,far,bt,fiction,barcelona,2005,consulting,basketball,team,comprises,location,editions,selling,hands,developed,spatial,provide,technology,arms,smu,industry,,manufacturer,associates,1979,tech,disruptive,west,blacksburg,september,innovation,estate,sway,sau,tips,oregon,version,,ruston,wealth,quot,cryptocurrency,monica,predominantly,semi,id,opposed,support,riflery,high,city,oligarchy,awarded,tech,include,canadians,tech,anime,owns,canada,5,named,school,labels,equipment,premiered,technical,ncaa,paid,dark,foundry,material,owned,software,starting,,national,,yandex,tech,2007,significant,highland,runs,namesake,cafeteria,allow,meetup,buy,1970s,stories,asia,brown,publisher,money,tech,chinese,1990,scientology,red,rural,tech,7,football,amp,2012,similar,finance,played,backed,year,tech,faustian,global,acquired,purpose,clubhouse,university,encryption,illinois,based,hogan,development,university,kingston,investment,000,angelo,doctoral,cloudy,engineering,gary,combined,detroit,york,commence,2023,kim,beginning,manufactures,tech,hiroshi,public,story,georgia,magnet,12,consumer,innovative,type,people,htc,new,many,2014,productive,national,school,ncaa,district,arles,tech,refer,sports,11,,comics,automaker,,sap,suggests,class,part,michigan,clean,associate,1761,renault,multi,north,graduated,technical,2000,recruit,,felt,role
dinghy,institute,tech,verification,university,nine,5,,campus,published,states,2012,,,right,group,noir,2014,archimedes,engineering,texas,represents,four,scope,,automating,activities,shorthand,design,,sectors,2014,stanford,definition,,renault,neo,sirotech,series,innovation,virginia,virginia,4,wherein,neuroscience,amp,tech,later,urban,conceivable,,louisiana,,xiaomi,forex,california,made,automatic,software,high,legal,team,tech,provides,according,undergraduate,pathways,programs,comic,founded,later,several,designed,first,band,edmond,atlantic,one,netflix,support,football,access,one,previously,previously,,first,,,collegiate,,takes,mit,retrieved,role,park,valley,twit,worker,user,quot,vmware,incorporating,feature,unicorns,article,ziff,quot,hosts,company,connecticut,study,raiders,areas,park,000,rivalry,institute,show,caltech,motley,ole,facebook,public,meet,organisation,led,,fully,spacex,located,,united,upon,quot,zone,located,family,strategy,degrees,state,degrees,eyed,industrial,willis,technologies,michigan,city,2025,quot,tae,1996,electric,owned,miyaoka,technical,tie,tech,high,conference,electronics,french,,working,taiwanese,york,campuses,new,informative,collegiate,430,tournament,hudson,sus,daresbury,sports,teams,2010,,published,renault,,systemanalyse,tech,1920,south,united,technology,specialized,patrol,energy,caliber,carolina,quot,senior,became,among,,,facebook
,,similar,technology,main,quot,based,,virginia,monthly,established,icann,,,others,,hybrid,,,program,tech,texas,academic,new,,,,record,main,,due,second,syracuse,primarily,,since,tech,software,game,funded,tech,va,1998,,private,king,created,developed,campus,,,united,,americans,platform,based,south,pistols,1999,technology,industry,national,industry,courses,,,technology,,,january,ported,technology,bring,used,members,oklahoma,records,guitarists,february,service,bowl,alpha,quot,subsidiary,,,used,,,athletic,,1m,039,7,facebook,michigan,,,labor,emulate,nj,61,elements,instagram,concentrated,cmj,davis,piece,,focuses,defeated,technology,virginia,,software,m2,also,science,moved,follows,fool,miss,co,university,built,,fundraise,,test,figma,lubbock,,states,tech,yahoo,chinese,oshawa,,letting,worldwide,mcmurry,technology,stroll,technologies,1993,,tech,technology,crossover,exactly,2024,byu,vertical,,1988,college,tennapel,atlanta,school,previously,,,,primarily,consumer,long,throughout,orleans,,athletic,public,championship,valley,tech,science,teams,new,microchip,,shogakukan,2024,,,trance,mattie,carolina,states,companies,,boat,f1,weapon,college,tech,high,fully,highest,,,039
,,,,,american,game,,polytechnic,image,february,,,,espouse,,genre,,,,competes,tech,colleges,tech,,,,store,cad,,evolving,generation,virginia,,,2024,philosophy,founded,engines,federal,public,tech,american,,space,tech,april,internet,wilsonville,,,states,,need,trading,yahoo,africa,april,game,addition,legal,,one,technology,,,early,,,2013,dreamcast,companies,vocational,create,,,generation,,,victims,subdivision,later,souls,,,,video,,,association,,25,campus,january,039,,,,organizer,tone,tech,billion,,stories,developed,new,,reported,,field,georgia,used,cavaliers,,technology,technology,known,technology,tech,chris,declined,1995,founder,st,nyc,,quot,,,covid,texas,,,deck,tech,成都高新技术产业开发区,ontario,,,colorado,beard,march,mitch,boston,forward,,town,industry,utility,spotifyde,nvidia,cincinnati,take,,company,ogden,039,,midtown,played,,,,company,,island,,,,association,high,consisted,originating,catalan,related,louisiana,jersey,acquired,,039,previewed,,,pioneered,eppes,technical,founded,de,,commission,renault,system,one,alpharetta,school,professional,ranked,,,dominance
,,,,,rapper,rage,,,comics,10,,,,extremism,,fiction,,,,ncaa,university,,establishments,,,,,platform,,,version,virginia,,,inspired,philosophy,,successor,,college,may,computer,,,dj,5,,,,,part,,know,provider,,emerged,16,quake,low,,,,,,,college,,,limassol,,including,technical,2016,,,song,,,contact,sport,made,,,,,game,,,039,,stake,newspaper,2007,dominance,,,,,many,meetup,record,,,,music,,startup,,industrial,tech,scientologists,virginia,,park,facility,techmo,formerly,phase,knight,,1999,,george,early,,reuters,,,19,united,,,brand,archived,,,,,tech,graduated,2001,bade,,band,,dayton,government,vehicle,,way,houston,,,,utah,,,detroit,new,,,,039,,specializes,,,,039,school,,,arles,,tech,,thomas,,,concept,,,,boggs,college,,emphasized,,autumn,r,wlvrn,largest,039,located,,,,,
,,,,,singer,2011,,,six,1923,,,,,,particularly,,,,division,2024,,include,,,,,,,,,tech,,,original,promoted,,id,,beckley,,,,,king,1967,,,,,,,quot,,,,2007,iii,tech,,,,,,,high,,,cyprus,,,,video,,,produced,,,,american,,,,,,doom,,,ncaa,,seismotech,prospective,quot,,,,,,popular,retrieved,tech,,,,monthly,,investment,,,82,,winning,,bangalore,architecture,bowl,known,,,,,,utah,2000s,,quot,,,pandemic,states,,,fingerboard,original,,,,,,high,kader,quot,,,,technology,civic,based,,jensen,,,,,one,,,michigan,mexico,,,,existing,,,,,,ncaa,new,,,de,,university,,h,,,,,,,song,system,,,,1917,e,first,,,koforidua,,,,,
,,,,,1999,,,,issues,,,,,,,film,,,,charter,25,,,,,,,,,,,wake,,,renault,,,,,west,,,,,tech,southwest,,,,,,,techcrunch,,,,virginia,arena,related,,,,,,,school,,,,,,,game,,,,,,,,,,,,,3,,,division,,quot,,structure,,,,,,,may,deal,,,,cmj,,company,,,73,,85,,karnataka,building,battle,vel,,,,,,southwest,,,veho,,,,,,,skateboard,26,,,,,,school,asmal,1996,,,,,institutions,,,huang,,,,,largest,,,united,,,,,,,,,,,division,york,,,tec,,ruston,,lee,,,,,,,,,,,,uss,renault,showcased,,,eastern,,,,,
,,,,,business,,,,,,,,,,,combining,,,,,ncaa,,,,,,,,,,,forest,,,5,,,,,virginia,,,,,began,,,,,,,,archived,,,,tech,subsequently,,,,,,,,,,,,,,,doom,,,,,,,,,,,,,engine,,,representing,,techcrunch,,b,,,,,,,24,quot,,,,network,,,,,win,,77,,india,,techs,tech,,,,,,,,,tech,,,,,,,,may,,,,,,,,tech,,,,,,,,making,,,,,,,,states,,,,,,,,,,,representing,city,,,commune,,,,039,,,,,,,,,,,,tech,e,,,,region,,,,,
,,,,,,,,,,,,,,,,,,,,,division,,,,,,,,,,,,,,,,,,,,,,,,career,,,,,,,,,,,,blacksburg,,,,,,,,,,,,,,,,,,,,,,,,,,,,,designed,,,texas,,constantin,,tech,,,,,,,2015,finance,,,,inc,,,,,second,,overtime,,park,,american,dr,,,,,,,,,profile,,,,,,,,2016,,,,,,,,n9ne,,,,,,,,tech,,,,,,,,,,,,,,,,,,,texas,,,,pyrénées,,,,sunnyvale,,,,,,,,,,,,iii,tech,,,,,,,,,
,,,,,,,,,,,,,,,,,,,,,men,,,,,,,,,,,,,,,,,,,,,,,,,,,,,,,,,,,,,,,,,,,,,,,,,,,,,,,,,,,,,,,,,,,,tech,,lucian,,,,,,,,,quot,yahoo,,,,december,,,,,national,,,,,,,r,,,,,,,,,quot,,,,,,,,retrieved,,,,,,,,,,,,,,,,giant,,,,,,,,,,,,,,,,,,,tech,,,,orientales,,,,,,,,,,,,,,,,sp,1,,,,,,,,,
,,,,,,,,,,,,,,,,,,,,,039,,,,,,,,,,,,,,,,,,,,,,,,,,,,,,,,,,,,,,,,,,,,,,,,,,,,,,,,,,,,,,,,,,,,university,,october,,,,,,,,,america,com,,,,,,,,,,,,,,,,r,,,,,,,,,bloomberg,,,,,,,,,,,,,,,,,,,,,,,,,,,,,,,,,,,,,,,,,,,university,,,,,,,,,,,,,,,,,,,,1055,6,,,,,,,,,
,,,,,,,,,,,,,,,,,,,,,basketball,,,,,,,,,,,,,,,,,,,,,,,,,,,,,,,,,,,,,,,,,,,,,,,,,,,,,,,,,,,,,,,,,,,,,,,,,,,,,,,039,,,,,,,,,,,,,,,,,amp,,,,,,,,,gehan,,,,,,,,,,,,,,,,,,,,,,,,,,,,,,,,,,,,,,,,,,,,,,,,,,,,,,,,,,,,,,,,liter,,,,,,,,,
,,,,,,,,,,,,,,,,,,,,,season,,,,,,,,,,,,,,,,,,,,,,,,,,,,,,,,,,,,,,,,,,,,,,,,,,,,,,,,,,,,,,,,,,,,,,,,,,,,,,,top,,,,,,,,,,,,,,,,,dr,,,,,,,,,ann,,,,,,,,,,,,,,,,,,,,,,,,,,,,,,,,,,,,,,,,,,,,,,,,,,,,,,,,,,,,,,,,hybrid,,,,,,,,,
,,,,,,,,,,,,,,,,,,,,,member,,,,,,,,,,,,,,,,,,,,,,,,,,,,,,,,,,,,,,,,,,,,,,,,,,,,,,,,,,,,,,,,,,,,,,,,,,,,,,,colleges,,,,,,,,,,,,,,,,,r,,,,,,,,,,,,,,,,,,,,,,,,,,,,,,,,,,,,,,,,,,,,,,,,,,,,,,,,,,,,,,,,,,,,,,,,,turbocharged,,,,,,,,,
,,,,,,,,,,,,,,,,,,,,,,,,,,,,,,,,,,,,,,,,,,,,,,,,,,,,,,,,,,,,,,,,,,,,,,,,,,,,,,,,,,,,,,,,,,,,,,,,,,,,2024,,,,,,,,,,,,,,,,,university,,,,,,,,,,,,,,,,,,,,,,,,,,,,,,,,,,,,,,,,,,,,,,,,,,,,,,,,,,,,,,,,,,,,,,,,,v6,,,,,,,,,
,,,,,,,,,,,,,,,,,,,,,,,,,,,,,,,,,,,,,,,,,,,,,,,,,,,,,,,,,,,,,,,,,,,,,,,,,,,,,,,,,,,,,,,,,,,,,,,,,,,,quot,,,,,,,,,,,,,,,,,commonly,,,,,,,,,,,,,,,,,,,,,,,,,,,,,,,,,,,,,,,,,,,,,,,,,,,,,,,,,,,,,,,,,,,,,,,,,racing,,,,,,,,,
,,,,,,,,,,,,,,,,,,,,,,,,,,,,,,,,,,,,,,,,,,,,,,,,,,,,,,,,,,,,,,,,,,,,,,,,,,,,,,,,,,,,,,,,,,,,,,,,,,,,forbes,,,,,,,,,,,,,,,,,referred,,,,,,,,,,,,,,,,,,,,,,,,,,,,,,,,,,,,,,,,,,,,,,,,,,,,,,,,,,,,,,,,,,,,,,,,,engine,,,,,,,,,
